Symbol,Name,Price (Intraday),Change,% Change,Market Cap,Volume in Currency (Since 0:00 UTC),Volume in Currency (24Hr),Total Volume All Currencies (24Hr),Circulating Supply
BTC-USD,Bitcoin USD,"51,013.81","1,741.86",0.0374,963.866B,34.642B,34.642B,34.642B,18.894M
ETH-USD,Ethereum USD,"4,310.12",123.49,0.0295,511.373B,23.695B,23.695B,23.695B,118.645M
BNB-USD,BinanceCoin USD,579.82,10.85,0.0191,96.714B,2.376B,2.376B,2.376B,166.801M
USDT-USD,Tether USD,0.999563,-0.000893,-0.09%,75.981B,79.634B,79.634B,79.634B,76.014B
SOL1-USD,Solana USD,194.93,5.62,0.0297,59.631B,2.804B,2.804B,2.804B,305.911M
ADA-USD,Cardano USD,1.4094,0.0726,0.0543,46.951B,2.402B,2.402B,2.402B,33.313B
USDC-USD,USDCoin USD,1.0002,0.0005,0.0005,40.957B,4.962B,4.962B,4.962B,40.95B
XRP-USD,XRP USD,0.827133,0.03072,0.0386,39.08B,2.854B,2.854B,2.854B,47.247B
DOT1-USD,Polkadot USD,30.6,3.48,0.1283,30.223B,1.811B,1.811B,1.811B,987.579M
LUNA1-USD,Terra USD,69.98,6.37,0.1002,26.818B,3.112B,3.112B,3.112B,383.257M
HEX-USD,HEX USD,0.142677,-0.003182,-2.18%,24.742B,17.628M,17.628M,17.628M,173.411B
DOGE-USD,Dogecoin USD,0.179061,0.005768,0.0333,23.712B,1.218B,1.218B,1.218B,132.427B
AVAX-USD,Avalanche USD,92.18,1.57,0.0173,22.379B,1.197B,1.197B,1.197B,242.782M
SHIB-USD,SHIBA INU USD,0.000037,0.000002,0.0465,20.289B,2.027B,2.027B,2.027B,549.009T
MATIC-USD,MaticNetwork USD,2.3422,0.2185,0.1029,16.447B,5.131B,5.131B,5.131B,7.022B
CRO-USD,CryptocomCoin USD,0.629317,0.077227,0.1399,15.898B,594.427M,594.427M,594.427M,25.263B
LTC-USD,Litecoin USD,162.05,10.31,0.068,11.204B,1.592B,1.592B,1.592B,69.138M
UNI3-USD,Uniswap USD,17.12,0.54,0.0323,10.751B,299.502M,299.502M,299.502M,627.926M
ALGO-USD,Algorand USD,1.7028,-0.0119,-0.69%,10.737B,506.725M,506.725M,506.725M,6.305B
LINK-USD,Chainlink USD,20.5,1.95,0.1053,9.572B,1.168B,1.168B,1.168B,467.01M
TRX-USD,TRON USD,0.090707,0.006392,0.0758,9.243B,1.853B,1.853B,1.853B,101.895B
BCH-USD,BitcoinCash USD,480.28,27.71,0.0612,9.087B,1.118B,1.118B,1.118B,18.921M
MANA-USD,Decentraland USD,3.9009,0.3296,0.0923,7.118B,1.617B,1.617B,1.617B,1.825B
XLM-USD,Stellar USD,0.287804,0.015883,0.0584,7.089B,806.871M,806.871M,806.871M,24.633B
AXS-USD,AxieInfinity USD,107.41,6.46,0.064,6.542B,407.038M,407.038M,407.038M,60.907M
DAI1-USD,Dai USD,0.997402,-0.004968,-0.50%,6.458B,680.357M,680.357M,680.357M,6.475B
VET-USD,VeChain USD,0.093882,0.006607,0.0757,6.038B,450.468M,450.468M,450.468M,64.316B
FTT1-USD,FTXToken USD,43.2,0.89,0.0211,6.017B,186.855M,186.855M,186.855M,139.296M
EGLD-USD,Elrond USD,291.88,14.08,0.0507,5.791B,211.841M,211.841M,211.841M,19.842M
ATOM1-USD,Cosmos USD,24.79,1.77,0.0767,5.599B,658.394M,658.394M,658.394M,225.829M
ICP1-USD,InternetComputer USD,29.9,0.75,0.0256,5.493B,195.757M,195.757M,195.757M,183.711M
FIL-USD,FilecoinFutures USD,39.39,1.45,0.0382,5.292B,540.93M,540.93M,540.93M,134.348M
ETC-USD,EthereumClassic USD,39.48,1.57,0.0414,5.191B,720.822M,720.822M,720.822M,131.481M
HBAR-USD,HederaHashgraph USD,0.274476,0.010289,0.0389,4.966B,76.499M,76.499M,76.499M,18.093B
SAND-USD,TheSandbox USD,5.4335,0.2392,0.046,4.963B,1.757B,1.757B,1.757B,913.365M
THETA-USD,THETA USD,4.7978,0.2426,0.0532,4.798B,205.76M,205.76M,205.76M,1B
XTZ-USD,Tezos USD,4.9461,0.9693,0.2437,4.301B,437.025M,437.025M,437.025M,869.63M
FTM-USD,Fantom USD,1.6408,0.1439,0.0961,4.176B,531.331M,531.331M,531.331M,2.545B
BTT1-USD,BitTorrent USD,0.003827,0.000934,0.3229,3.789B,2.873B,2.873B,2.873B,990B
XMR-USD,Monero USD,202.86,5.22,0.0264,3.66B,165.111M,165.111M,165.111M,18.042M
HNT1-USD,Helium USD,33.26,2.93,0.0965,3.447B,34.804M,34.804M,34.804M,103.637M
MIOTA-USD,IOTA USD,1.181,0.0559,0.0497,3.283B,70.971M,70.971M,70.971M,2.78B
GRT2-USD,TheGraph USD,0.691881,0.020777,0.031,3.263B,119.673M,119.673M,119.673M,4.716B
LRC-USD,Loopring USD,2.4371,0.1986,0.0887,3.237B,993.918M,993.918M,993.918M,1.328B
FLOW1-USD,FlowDapperLabs USD,10.07,0.74,0.0794,3.177B,130.161M,130.161M,130.161M,315.589M
EOS-USD,EOS USD,3.2325,0.0476,0.0149,3.146B,913.976M,913.976M,913.976M,973.231M
STX1-USD,Stacks USD,2.3663,0.1421,0.0639,3.047B,221.033M,221.033M,221.033M,1.287B
CAKE-USD,PancakeSwap USD,12.23,0.13,0.0107,3.021B,190.291M,190.291M,190.291M,246.925M
BSV-USD,BitcoinSV USD,157.27,25.4,0.1927,2.975B,1.054B,1.054B,1.054B,18.918M
KSM-USD,Kusama USD,308.67,33.34,0.1211,2.614B,114.618M,114.618M,114.618M,8.47M
MKR-USD,Maker USD,"2,630.29",107.77,0.0427,2.601B,89.614M,89.614M,89.614M,"988,873"
AAVE-USD,Aave USD,189.52,10.56,0.059,2.543B,304.875M,304.875M,304.875M,13.418M
ENJ-USD,EnjinCoin USD,2.8495,0.1926,0.0725,2.393B,393.827M,393.827M,393.827M,839.805M
ZEC-USD,Zcash USD,176.66,2.98,0.0172,2.341B,522.865M,522.865M,522.865M,13.251M
ONE2-USD,Harmony USD,0.200804,0.029494,0.1722,2.301B,147.349M,147.349M,147.349M,11.458B
AMP1-USD,Amp USD,0.052579,0.001666,0.0327,2.22B,43.743M,43.743M,43.743M,42.228B
NEO-USD,NEO USD,29.83,1.54,0.0544,2.104B,191.9M,191.9M,191.9M,70.539M
WAVES-USD,Waves USD,19.35,0.16,0.0081,2.068B,97.397M,97.397M,97.397M,106.895M
BAT-USD,BasicAttentionToken USD,1.3424,0.0586,0.0457,2.004B,752.284M,752.284M,752.284M,1.493B
QNT-USD,Quant USD,163.44,-2.64,-1.59%,1.973B,56.029M,56.029M,56.029M,12.073M
RUNE-USD,THORChain USD,7.5003,0.3149,0.0438,1.937B,74.671M,74.671M,74.671M,258.21M
CHZ-USD,Chiliz USD,0.324722,0.02011,0.066,1.934B,291.03M,291.03M,291.03M,5.955B
KDA-USD,Kadena USD,11.13,0.04,0.0032,1.791B,64.898M,64.898M,64.898M,160.986M
CRV-USD,CurveDAOToken USD,3.9818,0.399,0.1114,1.727B,410.828M,410.828M,410.828M,433.805M
HOT1-USD,Holo USD,0.009851,0.000617,0.0668,1.705B,193.411M,193.411M,193.411M,173.037B
AR-USD,Arweave USD,48.19,3.73,0.0839,1.609B,45.564M,45.564M,45.564M,33.395M
DASH-USD,Dash USD,138.59,5.7,0.0429,1.451B,261.239M,261.239M,261.239M,10.468M
COMP-USD,Compound USD,225.62,6.74,0.0308,1.4B,102.399M,102.399M,102.399M,6.205M
DFI-USD,DeFiChain USD,4.6108,0.1288,0.0287,1.386B,13.486M,13.486M,13.486M,300.512M
CELO-USD,Celo USD,3.6808,0.0702,0.0194,1.352B,44.101M,44.101M,44.101M,367.204M
TFUEL-USD,ThetaFuel USD,0.253153,0.008027,0.0327,1.342B,84.96M,84.96M,84.96M,5.301B
DCR-USD,Decred USD,95.44,3.11,0.0337,1.295B,17.514M,17.514M,17.514M,13.565M
TUSD-USD,TrueUSD USD,0.998567,-0.0009,-0.09%,1.289B,198.795M,198.795M,198.795M,1.29B
XEM-USD,NEM USD,0.139,0.008959,0.0689,1.251B,66.999M,66.999M,66.999M,9B
CTC1-USD,Creditcoin USD,2.1435,-0.001,-0.05%,1.211B,4.131M,4.131M,4.131M,564.971M
IOTX-USD,IoTeX USD,0.117057,0.002774,0.0243,1.117B,61.752M,61.752M,61.752M,9.541B
QTUM-USD,Qtum USD,11.23,1.12,0.1111,1.111B,391.538M,391.538M,391.538M,98.916M
1INCH-USD,1inch USD,2.7768,0.2325,0.0914,1.112B,184.141M,184.141M,184.141M,400.485M
VGX-USD,VoyagerToken USD,3.8336,0.1205,0.0325,1.068B,18.286M,18.286M,18.286M,278.482M
OMG-USD,OmiseGO USD,7.2363,1.1102,0.1812,1.015B,668.812M,668.812M,668.812M,140.245M
XDC-USD,XinFinNetwork USD,0.077889,0.004713,0.0644,958.421M,7.41M,7.41M,7.41M,12.305B
RVN-USD,Ravencoin USD,0.092683,0.00443,0.0502,950.064M,43.261M,43.261M,43.261M,10.251B
ROSE-USD,OasisNetwork USD,0.270899,0.01998,0.0796,946.254M,132.75M,132.75M,132.75M,3.493B
CCXX-USD,CounosX USD,52.37,-0.8,-1.51%,935.309M,1.158M,1.158M,1.158M,17.861M
ANKR-USD,Ankr USD,0.114293,0.00786,0.0738,932.964M,148.509M,148.509M,148.509M,8.163B
OMI-USD,ECOMI USD,0.00556,0.000183,0.034,924.5M,8.987M,8.987M,8.987M,166.286B
WAXP-USD,WAX USD,0.483053,0.007998,0.0168,899.183M,92.404M,92.404M,92.404M,1.861B
ICX-USD,ICON USD,1.314,0.114,0.095,890.134M,61.668M,61.668M,61.668M,677.41M
SC-USD,Siacoin USD,0.017897,0.001073,0.0638,887.801M,74.611M,74.611M,74.611M,49.605B
ZEN-USD,Horizen USD,74.81,4.84,0.0692,884.261M,89.955M,89.955M,89.955M,11.82M
CEL-USD,Celsius USD,3.6857,-0.0405,-1.09%,880.383M,4.907M,4.907M,4.907M,238.864M
YFI-USD,yearnfinance USD,"23,896.46",979.4,0.0427,875.512M,153.142M,153.142M,153.142M,"36,637"
ZIL-USD,Zilliqa USD,0.070409,0.003986,0.06,851.981M,73.259M,73.259M,73.259M,12.1B
BNT-USD,Bancor USD,3.5561,0.1667,0.0492,836.461M,50.047M,50.047M,50.047M,235.215M
BTG-USD,BitcoinGold USD,47.28,2.62,0.0587,828.082M,40.459M,40.459M,40.459M,17.514M
SUSHI-USD,Sushi USD,6.0347,0.844,0.1626,767.88M,448.709M,448.709M,448.709M,127.244M
ZRX-USD,0x USD,0.901556,0.065026,0.0777,762.262M,85.367M,85.367M,85.367M,845.496M
CKB-USD,NervosNetwork USD,0.024708,0.002757,0.1256,714.411M,29.325M,29.325M,29.325M,28.915B
VLX-USD,Velas USD,0.326748,0.008198,0.0257,694.138M,11.049M,11.049M,11.049M,2.124B
RAY-USD,Raydium USD,8.8687,0.1692,0.0195,687.297M,79.876M,79.876M,79.876M,77.497M
SNX-USD,SynthetixNetworkToken USD,5.9211,0.1975,0.0345,679.989M,72.635M,72.635M,72.635M,114.842M
UMA-USD,UMA USD,10.55,0.44,0.0437,680.646M,32.481M,32.481M,32.481M,64.541M
ONT-USD,Ontology USD,0.767991,0.041391,0.057,672.184M,114.573M,114.573M,114.573M,875.25M
HIVE-USD,Hive USD,1.7517,0.133,0.0822,669.255M,168.1M,168.1M,168.1M,382.05M
XWC-USD,WhiteCoin USD,0.88138,-0.009372,-1.05%,655.924M,11.568M,11.568M,11.568M,744.201M
STORJ-USD,Storj USD,1.8452,0.1285,0.0748,648.675M,106.981M,106.981M,106.981M,351.538M
GNO-USD,Gnosis USD,430.86,10.99,0.0262,648.266M,6.683M,6.683M,6.683M,1.505M
IOST-USD,IOST USD,0.034201,0.001197,0.0363,619.032M,69.018M,69.018M,69.018M,18.1B
SKL-USD,SKALENetwork USD,0.233592,0.007314,0.0323,616.963M,45.773M,45.773M,45.773M,2.641B
DGB-USD,DigiByte USD,0.039605,0.002978,0.0813,590.332M,27.139M,27.139M,27.139M,14.906B
KAVA-USD,Kava USD,3.9588,0.2163,0.0578,566.679M,82.2M,82.2M,82.2M,143.143M
SRM-USD,Serum USD,4.2341,0.2758,0.0697,564.119M,105.697M,105.697M,105.697M,133.232M
GLM-USD,Golem USD,0.559067,0.055738,0.1107,559.067M,78.632M,78.632M,78.632M,1B
NU-USD,NuCypher USD,0.793222,0.03161,0.0415,551.487M,102.369M,102.369M,102.369M,695.25M
WIN1-USD,WINk USD,0.000571,0.000025,0.0451,549.173M,553.335M,553.335M,553.335M,961.737B
NANO-USD,Nano USD,3.9101,0.1203,0.0318,521.019M,27.464M,27.464M,27.464M,133.248M
CELR-USD,CelerNetwork USD,0.08347,0.013603,0.1947,507.226M,157.623M,157.623M,157.623M,6.077B
RSR-USD,ReserveRights USD,0.036253,0.003647,0.1118,477.095M,93.818M,93.818M,93.818M,13.16B
FET-USD,Fetch USD,0.605143,0.027021,0.0467,451.505M,46.729M,46.729M,46.729M,746.114M
C98-USD,Coin98 USD,2.2513,0.0896,0.0415,416.497M,46.9M,46.9M,46.9M,185M
SYS-USD,Syscoin USD,0.611132,0.074439,0.1387,381.202M,29.415M,29.415M,29.415M,623.764M
CTSI-USD,Cartesi USD,0.765529,0.028557,0.0387,372.942M,56.085M,56.085M,56.085M,487.17M
LSK-USD,Lisk USD,2.7472,0.0202,0.0074,354.111M,11.748M,11.748M,11.748M,128.9M
EWT-USD,EnergyWebToken USD,11.5,0.99,0.0944,345.642M,7.978M,7.978M,7.978M,30.062M
XVG-USD,Verge USD,0.019928,0.000529,0.0273,328.565M,14.685M,14.685M,14.685M,16.488B
MED-USD,MediBlocQRC20 USD,0.060646,-0.000475,-0.78%,326.422M,15.368M,15.368M,15.368M,5.382B
COTI-USD,COTI USD,0.366302,0.025394,0.0745,318.196M,70.486M,70.486M,70.486M,868.672M
SXP-USD,Swipe USD,1.6489,0.0799,0.0509,317.859M,115.123M,115.123M,115.123M,192.769M
VTHO-USD,VeThorToken USD,0.006918,0.000389,0.0596,297.975M,29.789M,29.789M,29.789M,43.074B
BCD-USD,BitcoinDiamond USD,1.574,0.1297,0.0898,293.537M,3.925M,3.925M,3.925M,186.493M
SNT-USD,Status USD,0.083274,0.003971,0.0501,289M,23.671M,23.671M,23.671M,3.47B
OXT-USD,Orchid USD,0.415344,0.019945,0.0504,286.874M,44.519M,44.519M,44.519M,690.69M
NKN-USD,NKN USD,0.401107,0.021925,0.0578,280.775M,22.627M,22.627M,22.627M,700M
TWT-USD,TrustWalletToken USD,0.795896,0.041347,0.0548,276.137M,29.082M,29.082M,29.082M,346.951M
ZEL-USD,ZelCash USD,1.243,0.0736,0.0629,274.695M,11.872M,11.872M,11.872M,220.998M
ARDR-USD,Ardor USD,0.270533,0.018703,0.0743,270.262M,22.067M,22.067M,22.067M,998.999M
RLC-USD,iExecRLC USD,3.3563,0.1243,0.0385,268.738M,31.75M,31.75M,31.75M,80.071M
ARRR-USD,PirateChain USD,1.4217,0.0372,0.0268,268.273M,"583,860","583,860","583,860",188.699M
CVC-USD,Civic USD,0.399477,0.034221,0.0937,267.65M,87.207M,87.207M,87.207M,670M
XCH-USD,ChiaNetwork USD,104.69,-0.8,-0.75%,260.177M,19.214M,19.214M,19.214M,2.485M
MCO-USD,MCO USD,16.31,0.21,0.0128,257.534M,1.024M,1.024M,1.024M,15.794M
STMX-USD,StormX USD,0.024758,0.00191,0.0836,247.584M,64.681M,64.681M,64.681M,10B
ACH-USD,AlchemyPay USD,0.069877,0.002174,0.0321,243.932M,56.235M,56.235M,56.235M,3.491B
SAPP-USD,Sapphire USD,0.452879,0.019276,0.0445,243.456M,1.173M,1.173M,1.173M,537.573M
DIVI-USD,Divi USD,0.087837,-0.008733,-9.04%,231.186M,1.81M,1.81M,1.81M,2.632B
ETN-USD,Electroneum USD,0.012755,0.00231,0.2211,228.415M,2.079M,2.079M,2.079M,17.908B
NMR-USD,Numeraire USD,36.05,0.13,0.0037,212.293M,16.56M,16.56M,16.56M,5.889M
ERG-USD,Ergo USD,6.5404,0.7588,0.1313,209.375M,2.828M,2.828M,2.828M,32.012M
STRAX-USD,Stratis USD,1.5894,0.1015,0.0682,209.103M,7.047M,7.047M,7.047M,131.561M
BAND-USD,BandProtocol USD,5.9482,0.3076,0.0545,209.33M,43.505M,43.505M,43.505M,35.192M
DAG-USD,Constellation USD,0.160247,0.008963,0.0592,203.019M,2.08M,2.08M,2.08M,1.267B
ABBC-USD,ABBCCoin USD,0.218134,0.001622,0.0075,201.24M,63.021M,63.021M,63.021M,922.555M
REP-USD,Augur USD,18.24,0.99,0.0573,200.669M,20.288M,20.288M,20.288M,11M
STEEM-USD,Steem USD,0.502819,0.026777,0.0562,198.589M,31.579M,31.579M,31.579M,394.952M
VRA-USD,Verasity USD,0.044236,0.005506,0.1422,197.742M,121.342M,121.342M,121.342M,4.47B
ARK-USD,Ark USD,1.4562,0.0641,0.046,194.566M,6.945M,6.945M,6.945M,133.615M
TOMO-USD,TomoChain USD,2.1612,0.0365,0.0172,188.042M,12.799M,12.799M,12.799M,87.01M
GXC-USD,GXChain USD,2.4544,-0.3893,-13.69%,184.081M,122.455M,122.455M,122.455M,75M
MAID-USD,MaidSafeCoin USD,0.393853,0.022463,0.0605,178.239M,1.006M,1.006M,1.006M,452.552M
FUN-USD,FunFair USD,0.015559,0.000817,0.0554,171.066M,9.244M,9.244M,9.244M,10.995B
DERO-USD,Dero USD,15.46,0.06,0.0037,170.67M,"753,883","753,883","753,883",11.042M
MLN-USD,Melon USD,94.13,3.19,0.0351,168.748M,10.254M,10.254M,10.254M,1.793M
MIR1-USD,MirrorProtocol USD,2.1563,0.0039,0.0018,167.636M,25.702M,25.702M,25.702M,77.743M
ANT-USD,Aragon USD,4.173,0.051,0.0124,165.292M,32.239M,32.239M,32.239M,39.61M
MTL-USD,Metal USD,2.3526,0.1369,0.0618,156.656M,23.143M,23.143M,23.143M,66.589M
META-USD,Metadium USD,0.124258,0.005508,0.0464,154.754M,29.59M,29.59M,29.59M,1.245B
WAN-USD,Wanchain USD,0.760682,0.045672,0.0639,146.584M,9.844M,9.844M,9.844M,192.701M
POA-USD,POANetwork USD,0.477331,0.24693,1.0717,140.57M,30,30,30,294.491M
ZNN-USD,Zenon USD,21.51,-1.23,-5.43%,136.146M,1.073M,1.073M,1.073M,6.331M
KIN-USD,Kin USD,0.00008,0,-0.19%,134.166M,11.24M,11.24M,11.24M,1.669T
HNS-USD,Handshake USD,0.300803,0.01692,0.0596,134.094M,"908,959","908,959","908,959",445.788M
RBTC-USD,RSKSmartBitcoin USD,"50,989.71","1,776.63",0.0361,133.514M,"215,832","215,832","215,832","2,618"
PHA-USD,PhalaNetwork USD,0.455909,0.018564,0.0424,124.007M,16.25M,16.25M,16.25M,272M
KMD-USD,Komodo USD,0.878623,0.016545,0.0192,113.446M,10.014M,10.014M,10.014M,129.118M
BTS-USD,BitShares USD,0.037731,0.001518,0.0419,112.988M,10.844M,10.844M,10.844M,2.995B
IRIS-USD,IRISnet USD,0.095362,0.002038,0.0218,111.387M,6.414M,6.414M,6.414M,1.168B
XHV-USD,HavenProtocol USD,7.0111,-0.3086,-4.22%,111.007M,1.512M,1.512M,1.512M,15.833M
BAL-USD,Balancer USD,15.98,0.57,0.0371,110.98M,32.815M,32.815M,32.815M,6.944M
CLV-USD,Clover USD,0.851327,0.029388,0.0358,109.632M,42.259M,42.259M,42.259M,128.778M
TT-USD,ThunderToken USD,0.012665,0.000717,0.06,103.603M,20.899M,20.899M,20.899M,8.18B
MONA-USD,MonaCoin USD,1.5261,0.0448,0.0302,100.311M,1.797M,1.797M,1.797M,65.73M
AVA-USD,Travalacom USD,1.8593,0.0287,0.0157,95.764M,11.091M,11.091M,11.091M,51.507M
XAS-USD,Asch USD,1.0002,-0.0003,-0.03%,93.377M,294,294,294,93.355M
FSN-USD,Fusion USD,1.3161,-0.2051,-13.48%,92.535M,10.272M,10.272M,10.272M,70.308M
DNT-USD,district0x USD,0.152365,0.004094,0.0276,91.419M,8.282M,8.282M,8.282M,600M
CUDOS-USD,Cudos USD,0.041102,0.004382,0.1193,90.595M,"727,146","727,146","727,146",2.204B
NYE-USD,NewYorkExchange USD,12.6,0.23,0.0187,89.358M,1.604M,1.604M,1.604M,7.09M
XNC-USD,XeniosCoin USD,1.1715,0.0199,0.0173,89.358M,"47,642","47,642","47,642",76.275M
NULS-USD,NULS USD,0.888186,-0.011077,-1.23%,88.482M,148.714M,148.714M,148.714M,99.621M
AION-USD,Aion USD,0.173159,-0.007797,-4.31%,86.421M,18.433M,18.433M,18.433M,499.085M
ADX-USD,AdEx USD,0.606411,0.008078,0.0135,82.894M,4.318M,4.318M,4.318M,136.697M
CTXC-USD,Cortex USD,0.443744,-0.053909,-10.83%,83.149M,50.686M,50.686M,50.686M,187.38M
ATRI-USD,AtariToken USD,0.091125,0.008453,0.1022,80.824M,3.563M,3.563M,3.563M,886.96M
NRG-USD,Energi USD,1.6086,0.1776,0.1241,76.819M,"266,341","266,341","266,341",47.756M
BEAM-USD,Beam USD,0.742781,0.007905,0.0108,76.495M,15.984M,15.984M,15.984M,102.984M
FIRO-USD,Firo USD,5.9062,0.0189,0.0032,74.719M,4.375M,4.375M,4.375M,12.651M
DMCH-USD,DARMACash USD,0.338314,-0.000082,-0.02%,73.07M,"47,509","47,509","47,509",215.984M
WTC-USD,Waltonchain USD,0.923885,0.038072,0.043,72.339M,16.264M,16.264M,16.264M,78.299M
REV-USD,RChain USD,0.11413,0.001877,0.0167,71.698M,2.844M,2.844M,2.844M,628.211M
BTM-USD,Bytom USD,0.043202,0.003203,0.0801,70.057M,15.965M,15.965M,15.965M,1.622B
GAS-USD,Gas USD,6.7777,0.1181,0.0177,68.647M,9.988M,9.988M,9.988M,10.128M
FIO-USD,FIOProtocol USD,0.182003,-0.001104,-0.60%,67.354M,20.703M,20.703M,20.703M,370.07M
DGD-USD,DigixDAO USD,833.22,31.82,0.0397,67.186M,"75,923","75,923","75,923","80,634"
PAC-USD,PACGlobal USD,0.004069,0.000036,0.009,64.323M,"417,563","417,563","417,563",15.808B
BCN-USD,Bytecoin USD,0.000349,0.000003,0.0094,64.198M,"51,245","51,245","51,245",184.067B
RDD-USD,ReddCoin USD,0.002104,0.000155,0.0797,63.941M,"129,437","129,437","129,437",30.397B
GRS-USD,Groestlcoin USD,0.803639,0.05525,0.0738,63.459M,9.344M,9.344M,9.344M,78.964M
SBD-USD,SteemDollars USD,6.3339,0.222,0.0363,63.016M,8.516M,8.516M,8.516M,9.949M
ELA-USD,Elastos USD,3.0132,0.0874,0.0299,60.98M,1.317M,1.317M,1.317M,20.237M
MARO-USD,Maro USD,0.118317,0.004502,0.0396,59.116M,3.449M,3.449M,3.449M,499.637M
CET-USD,CoinExToken USD,0.083219,0.002115,0.0261,58.972M,1.162M,1.162M,1.162M,708.634M
FRONT-USD,Frontier USD,0.781281,0.025733,0.0341,58.118M,15.82M,15.82M,15.82M,74.388M
MWC-USD,MimbleWimbleCoin USD,5.173,-0.3231,-5.88%,55.86M,"141,997","141,997","141,997",10.798M
SOLVE-USD,SOLVE USD,0.128616,0.014137,0.1235,55.733M,40.914M,40.914M,40.914M,433.325M
WOZX-USD,EFFORCE USD,0.351366,0.006683,0.0194,54.9M,1.312M,1.312M,1.312M,156.246M
BEPRO-USD,BetProtocol USD,0.008115,0.000594,0.079,54.895M,2.288M,2.288M,2.288M,6.765B
APL-USD,ApolloCurrency USD,0.002588,0.000046,0.0181,54.774M,5.545M,5.545M,5.545M,21.165B
AE-USD,Aeternity USD,0.145869,0.012353,0.0925,50.708M,6.564M,6.564M,6.564M,347.624M
VERI-USD,Veritaseum USD,23.13,1.89,0.0889,49.725M,"4,751","4,751","4,751",2.15M
VSYS-USD,VSystems USD,0.019268,0.0006,0.0321,46.901M,3.805M,3.805M,3.805M,2.434B
VITE-USD,VITE USD,0.093874,0.004376,0.0489,46.534M,7.191M,7.191M,7.191M,495.71M
NIM-USD,Nimiq USD,0.005356,0.000109,0.0207,46.411M,1.411M,1.411M,1.411M,8.666B
AXEL-USD,AXEL USD,0.157795,0.005961,0.0393,44.605M,"435,433","435,433","435,433",282.674M
VTC-USD,Vertcoin USD,0.704156,0.104681,0.1746,44.355M,4.58M,4.58M,4.58M,62.99M
GO-USD,GoChain USD,0.038989,0.002687,0.074,43.172M,1.856M,1.856M,1.856M,1.107B
PIVX-USD,PIVX USD,0.618802,0.022828,0.0383,41.922M,"533,961","533,961","533,961",67.747M
XCP-USD,Counterparty USD,15.96,1.04,0.0694,41.714M,"138,663","138,663","138,663",2.614M
NXS-USD,Nexus USD,0.571472,-0.03466,-5.72%,41.267M,2.837M,2.837M,2.837M,72.211M
WICC-USD,WaykiChain USD,0.187248,0.005942,0.0328,39.322M,7.124M,7.124M,7.124M,210M
KRT-USD,TerraKRW USD,0.000891,0.000008,0.0086,38.198M,"47,887","47,887","47,887",42.891B
GAME-USD,GameCredits USD,0.20532,0.015863,0.0837,37.204M,"331,302","331,302","331,302",181.202M
CUT-USD,CUTcoin USD,0.238984,0.024259,0.113,36.171M,403,403,403,151.355M
XSN-USD,Stakenet USD,0.294942,-0.049078,-14.27%,36.138M,"168,248","168,248","168,248",122.527M
SERO-USD,SuperZero USD,0.104546,-0.00096,-0.91%,35.174M,1.294M,1.294M,1.294M,336.446M
PPT-USD,Populous USD,0.623436,0.014879,0.0244,33.199M,1.211M,1.211M,1.211M,53.252M
LOKI-USD,Loki USD,0.58717,0.00928,0.0161,33.008M,"157,174","157,174","157,174",56.216M
CRU-USD,Crust USD,9.8623,0.4502,0.0478,30.202M,2.727M,2.727M,2.727M,3.062M
PCX-USD,ChainX USD,2.5862,0.1365,0.0557,29.066M,1.808M,1.808M,1.808M,11.239M
MHC-USD,MetaHash USD,0.009841,0.000734,0.0806,29.012M,"890,594","890,594","890,594",2.948B
VAL1-USD,Validity USD,6.4271,0.0579,0.0091,28.633M,1.325M,1.325M,1.325M,4.455M
SCP-USD,ScPrime USD,0.70409,0.015097,0.0219,27.824M,"53,614","53,614","53,614",39.518M
GRIN-USD,Grin USD,0.301861,0.006567,0.0222,27.459M,2.712M,2.712M,2.712M,90.965M
OBSR-USD,Observer USD,0.006678,0.000355,0.0562,27.084M,"530,619","530,619","530,619",4.056B
ZANO-USD,Zano USD,2.4303,0.0409,0.0171,26.578M,"69,273","69,273","69,273",10.936M
GBYTE-USD,Obyte USD,33.38,3.75,0.1266,26.538M,"32,916","32,916","32,916","794,913"
NAV-USD,NavCoin USD,0.348426,0.012327,0.0367,25.21M,"173,343","173,343","173,343",72.354M
HC-USD,HyperCash USD,0.539932,0.000764,0.0014,24.336M,5.768M,5.768M,5.768M,45.072M
NAS-USD,Nebulas USD,0.39706,0.007794,0.02,24.043M,4.128M,4.128M,4.128M,60.554M
NMC-USD,Namecoin USD,1.5583,0.146,0.1034,22.964M,"14,464","14,464","14,464",14.736M
QASH-USD,QASH USD,0.064942,0.000495,0.0077,22.73M,"445,141","445,141","445,141",350M
CHI-USD,Xaya USD,0.46254,0.02595,0.0594,22.416M,"65,062","65,062","65,062",48.463M
LBC-USD,LBRYCredits USD,0.042625,0.001788,0.0438,22.21M,"152,672","152,672","152,672",521.055M
SRK-USD,Sparkpoint USD,0.002663,0.000058,0.0221,22.095M,"390,751","390,751","390,751",8.298B
ADK-USD,AidosKuneen USD,0.872902,0.011268,0.0131,21.823M,"242,609","242,609","242,609",25M
NEBL-USD,Neblio USD,1.1856,-0.0373,-3.05%,21.815M,1.362M,1.362M,1.362M,18.4M
PPC-USD,Peercoin USD,0.794978,0.039375,0.0521,21.683M,"11,716","11,716","11,716",27.275M
AMB-USD,Ambrosus USD,0.04027,0.002228,0.0586,21.597M,"566,282","566,282","566,282",536.318M
WABI-USD,Tael USD,0.211856,0.010192,0.0505,21.186M,2.708M,2.708M,2.708M,100M
QRL-USD,QuantumResistantLedger USD,0.278769,0.005868,0.0215,21.037M,"113,548","113,548","113,548",75.464M
PART-USD,Particl USD,1.7631,-0.0728,-3.96%,20.709M,"5,874","5,874","5,874",11.746M
RSTR-USD,Ondori USD,0.00051,0.000017,0.0354,19.261M,0,0,0,37.767B
NVT-USD,NerveNetwork USD,0.067073,0.00131,0.0199,18.578M,"492,895","492,895","492,895",276.984M
BIP-USD,MinterNetwork USD,0.003532,-0.000081,-2.24%,17.413M,"14,827","14,827","14,827",4.93B
ETP-USD,MetaverseETP USD,0.210351,0.015002,0.0768,16.703M,"362,541","362,541","362,541",79.403M
RINGX-USD,RINGXPLATFORM USD,0.053177,0.006691,0.1439,16.524M,1.093M,1.093M,1.093M,310.743M
FCT-USD,Factom USD,1.4892,0.0396,0.0273,15.106M,"6,371","6,371","6,371",10.143M
NXT-USD,Nxt USD,0.014579,0.000976,0.0718,14.565M,"279,569","279,569","279,569",999M
TRUE-USD,TrueChain USD,0.180641,0.004947,0.0282,14.375M,4.588M,4.588M,4.588M,79.576M
FO-USD,FIBOS USD,0.012982,-0.000171,-1.30%,13.912M,"239,938","239,938","239,938",1.072B
BTC2-USD,Bitcoin2 USD,0.738681,0.076342,0.1153,13.262M,659,659,659,17.954M
DNA1-USD,MetaverseDualchainNetworkArchitecture USD,0.000636,0.000247,0.6335,12.809M,"260,240","260,240","260,240",20.144B
DTEP-USD,DECOIN USD,0.227953,0.015167,0.0713,12.761M,"74,740","74,740","74,740",55.982M
SALT-USD,SALT USD,0.154492,0.003249,0.0215,12.403M,"60,043","60,043","60,043",80.284M
PZM-USD,PRIZM USD,0.004067,-0.000032,-0.78%,11.825M,"508,053","508,053","508,053",2.908B
MAN-USD,MatrixAINetwork USD,0.054194,0.008694,0.1911,11.614M,1.198M,1.198M,1.198M,214.302M
PAY-USD,TenX USD,0.053707,0.003806,0.0763,11.022M,"373,680","373,680","373,680",205.218M
DCN-USD,Dentacoin USD,0.000019,0,-1.31%,10.907M,"209,888","209,888","209,888",568.105B
YOYOW-USD,YOYOW USD,0.020667,0.001429,0.0743,10.489M,"456,993","456,993","456,993",507.512M
DMD-USD,Diamond USD,2.7579,0.0907,0.034,10.063M,"30,302","30,302","30,302",3.649M
BLOCK-USD,Blocknet USD,1.1818,-0.0047,-0.40%,9.757M,"65,183","65,183","65,183",8.257M
BHP-USD,BHPCoin USD,0.479115,0.039656,0.0902,9.667M,1.656M,1.656M,1.656M,20.178M
HPB-USD,HighPerformanceBlockchain USD,0.130342,-0.003563,-2.66%,9.524M,"821,860","821,860","821,860",73.07M
LCC-USD,LitecoinCash USD,0.012664,0.000629,0.0523,9.448M,"25,582","25,582","25,582",746.102M
MASS-USD,Massnet USD,0.092577,-0.004365,-4.50%,9.075M,1.407M,1.407M,1.407M,98.026M
NLG-USD,Gulden USD,0.016196,0.000847,0.0551,9.015M,"90,581","90,581","90,581",556.613M
PI-USD,PCHAIN USD,0.010257,-0.000334,-3.15%,8.933M,"87,220","87,220","87,220",870.991M
SFT-USD,SafexToken USD,0.0046,0.000629,0.1584,8.676M,144,144,144,1.886B
UBQ-USD,Ubiq USD,0.202096,0.026803,0.1529,8.611M,"41,371","41,371","41,371",42.609M
SCC3-USD,StakeCubeCoin USD,0.923232,0.002327,0.0025,8.234M,"24,627","24,627","24,627",8.918M
PLC-USD,PLATINCOIN USD,1.6344,-0.0499,-2.96%,8.174M,"96,197","96,197","96,197",5.001M
EMC2-USD,Einsteinium USD,0.036714,0.003657,0.1106,8.157M,"26,789","26,789","26,789",222.183M
MRX-USD,MetrixCoin USD,0.000487,0.000025,0.0531,8.151M,1.013M,1.013M,1.013M,16.738B
PAI-USD,ProjectPai USD,0.004931,0.000072,0.0149,7.81M,"209,046","209,046","209,046",1.584B
IDNA-USD,Idena USD,0.12729,-0.000592,-0.46%,6.888M,"168,957","168,957","168,957",54.109M
ACT-USD,Achain USD,0.006611,0.000428,0.0693,6.611M,1.03M,1.03M,1.03M,1B
ILC-USD,ILCoin USD,0.007685,0.001541,0.2508,6.206M,"13,213","13,213","13,213",807.521M
POLIS-USD,Polis USD,0.613506,-0.01264,-2.02%,6.032M,"64,209","64,209","64,209",9.832M
DYN-USD,Dynamic USD,0.382652,0.013514,0.0366,5.885M,21,21,21,15.381M
INSTAR-USD,InsightsNetwork USD,0.029579,-0.00096,-3.14%,5.82M,474,474,474,196.754M
XRC-USD,BitcoinRhodium USD,4.5918,0.1622,0.0366,5.738M,0,0,0,1.25M
INT-USD,InternetNodeToken USD,0.011521,0.000993,0.0943,5.606M,1.269M,1.269M,1.269M,486.577M
CMT1-USD,CyberMiles USD,0.006906,0.000641,0.1024,5.524M,"998,657","998,657","998,657",800M
XDN-USD,DigitalNote USD,0.000694,-0.000048,-6.52%,5.499M,"7,991","7,991","7,991",7.928B
SKY-USD,Skycoin USD,0.250193,-0.000634,-0.25%,5.254M,"131,108","131,108","131,108",21M
AEON-USD,Aeon USD,0.316384,0.023867,0.0816,5.009M,"5,240","5,240","5,240",15.831M
SMART-USD,SmartCash USD,0.003494,0.000024,0.007,4.94M,"443,470","443,470","443,470",1.414B
VIA-USD,Viacoin USD,0.206396,0.001502,0.0073,4.783M,"9,916","9,916","9,916",23.175M
LEDU-USD,EducationEcosystem USD,0.019861,0.00064,0.0333,4.701M,"39,700","39,700","39,700",236.71M
XMY-USD,Myriad USD,0.002536,0.000086,0.0352,4.587M,"9,085","9,085","9,085",1.809B
ZYN-USD,Zynecoin USD,0.202344,-0.013223,-6.13%,4.48M,"99,867","99,867","99,867",22.139M
XMC-USD,MoneroClassic USD,0.224383,-0.004622,-2.02%,4.303M,"13,816","13,816","13,816",19.176M
WGR-USD,Wagerr USD,0.019867,0.000134,0.0068,4.306M,"1,368","1,368","1,368",216.761M
FLO-USD,FLO USD,0.028029,0.00291,0.1158,4.27M,"5,014","5,014","5,014",152.351M
TRTL-USD,TurtleCoin USD,0.000035,-0.000001,-1.62%,4.125M,"110,117","110,117","110,117",116.965B
BTX-USD,Bitcore USD,0.217348,0.035919,0.198,3.938M,"342,736","342,736","342,736",18.117M
GHOST1-USD,GHOST USD,0.222368,-0.022739,-9.28%,3.831M,"92,214","92,214","92,214",17.228M
BHD-USD,BitcoinHD USD,0.583062,0.057642,0.1097,3.547M,3.392M,3.392M,3.392M,6.083M
VEX-USD,Vexanium USD,0.004883,0.00007,0.0146,3.582M,"846,644","846,644","846,644",733.642M
EDG-USD,Edgeless USD,0.029302,0.004659,0.189,3.579M,"4,645","4,645","4,645",122.147M
VIN-USD,VINchain USD,0.00598,0.000113,0.0193,3.529M,"268,260","268,260","268,260",590.109M
OTO-USD,OTOCASH USD,0.094996,-0.000643,-0.67%,3.498M,38,38,38,36.821M
GRC-USD,GridCoin USD,0.008692,0.000334,0.0399,3.478M,"11,143","11,143","11,143",400.195M
FTC-USD,Feathercoin USD,0.014278,-0.000006,-0.04%,3.378M,"5,378","5,378","5,378",236.6M
NYZO-USD,Nyzo USD,0.278107,-0.004798,-1.70%,3.315M,"44,698","44,698","44,698",11.92M
MIR-USD,MIRCOIN USD,0.003827,-0.000007,-0.19%,2.988M,"37,869","37,869","37,869",780.627M
BLK-USD,BlackCoin USD,0.042839,0.002941,0.0737,2.616M,696,696,696,61.06M
FAIR-USD,FairCoin USD,0.047999,0.029385,1.5787,2.553M,1.475M,1.475M,1.475M,53.194M
XST-USD,Stealth USD,0.063238,-0.010647,-14.41%,2.506M,"3,584","3,584","3,584",39.63M
HTDF-USD,OrientWalt USD,0.022736,0.003113,0.1587,2.113M,"45,135","45,135","45,135",92.944M
TERA-USD,TERA USD,0.002462,0.000115,0.0488,2.079M,"95,684","95,684","95,684",844.711M
WINGS-USD,Wings USD,0.020417,0.003177,0.1843,2.042M,26,26,26,100M
CURE-USD,Curecoin USD,0.079501,0.003158,0.0414,2.016M,"1,030","1,030","1,030",25.357M
DIME-USD,Dimecoin USD,0.00000407,-0.00000062,-13.23%,1.947M,205,205,205,478.333B
GCC1-USD,GlobalCryptocurrency USD,0.00153,0.000052,0.0354,1.939M,147,147,147,1.267B
OWC-USD,ODUWA USD,0.454612,0.015065,0.0343,1.904M,"8,008","8,008","8,008",4.189M
GLEEC-USD,Gleec USD,0.084928,0.007829,0.1015,1.772M,"594,441","594,441","594,441",20.86M
SONO1-USD,SonoCoin USD,0.056453,-0.009954,-14.99%,1.595M,"127,319","127,319","127,319",28.25M
FTX-USD,FintruXNetwork USD,0.016258,0.000923,0.0602,1.545M,"3,940","3,940","3,940",95M
BCA-USD,BitcoinAtom USD,0.083638,0.003349,0.0417,1.541M,35,35,35,18.419M
IOC-USD,IOCoin USD,0.078481,0.002631,0.0347,1.512M,409,409,409,19.269M
COLX-USD,ColossusXT USD,0.000114,-0.000021,-15.79%,1.451M,48,48,48,12.732B
CRW-USD,Crown USD,0.049149,0.001373,0.0287,1.405M,"3,096","3,096","3,096",28.577M
AYA-USD,Aryacoin USD,0.008493,0.000214,0.0258,1.363M,"28,446","28,446","28,446",160.46M
PHR-USD,Phore USD,0.049194,0.000797,0.0165,1.257M,"2,436","2,436","2,436",25.558M
TUBE-USD,BitTube USD,0.003569,-0.000106,-2.88%,1.175M,"1,519","1,519","1,519",329.212M
SUB-USD,Substratum USD,0.002816,-0.000101,-3.45%,1.079M,378,378,378,383.021M
MGO-USD,MobileGo USD,0.01078,0.000122,0.0114,1.078M,"45,789","45,789","45,789",99.997M
BPS-USD,BitcoinPoS USD,0.213403,0.0172,0.0877,1.061M,"3,212","3,212","3,212",4.972M
GHOST-USD,GHOSTPRISM USD,0.186879,0.005968,0.033,1.009M,7,7,7,5.397M
NIX-USD,NIX USD,0.019211,0.000613,0.033,"945,905",45,45,45,49.238M
MBC-USD,MicroBitcoin USD,0.000017,0,0.0268,"833,801",198,198,198,47.958B
USNBT-USD,NuBits USD,0.07356,-0.001719,-2.28%,"807,809",4,4,4,10.982M
XLT-USD,Nexalt USD,0.024669,0.002593,0.1174,"771,669","325,913","325,913","325,913",31.281M
QRK-USD,Quark USD,0.002187,-0.003029,-58.07%,"604,309",370,370,370,276.362M
HYC-USD,HYCON USD,0.000211,0,-0.03%,"564,255","94,229","94,229","94,229",2.677B
DDK-USD,DDKoin USD,0.269507,0.009729,0.0375,"460,856","21,128","21,128","21,128",1.71M
XBY-USD,XTRABYTES USD,0.00051,0.000017,0.0347,"219,136",9,9,9,430M
BPC-USD,BackPackerCoin USD,0.024989,0.000854,0.0354,"143,773",751,751,751,5.753M
ERK-USD,EurekaCoin USD,0.00204,0.000071,0.0362,"135,707",0,0,0,66.525M
ATB-USD,ATBCoin USD,0.002296,0.000081,0.0366,"96,515",0,0,0,42.038M
FRST-USD,FirstCoin USD,0.002035,0.000066,0.0335,"63,518",4,4,4,31.208M
COMP1-USD,CompoundCoin USD,0.00000014,0,-2.73%,"7,724","1,396","1,396","1,396",53.732B
FLASH-USD,Flash USD,0.00102,0.000528,1.0732,0,10,10,10,0
ECA-USD,Electra USD,0.000011,-0.000003,-22.36%,0,45,45,45,0
MOAC-USD,MOAC USD,0.011966,0.003209,0.3664,0,2,2,2,0
LKK-USD,Lykke USD,0.006482,0.000272,0.0438,0,379,379,379,0
CSC-USD,CasinoCoin USD,0.002625,0.00032,0.1389,0,"507,241","507,241","507,241",0
UNO-USD,Unobtanium USD,27.9,-0.74,-2.59%,0,"4,109","4,109","4,109",0
BDX-USD,Beldex USD,0.102941,0.009457,0.1012,0,"379,819","379,819","379,819",0
CLAM-USD,Clams USD,0.455217,0.015212,0.0346,0,11,11,11,0
ECC-USD,ECC USD,0.00051,0.000343,2.0452,0,3,3,3,0
BONO-USD,Bonorum USD,1.2184,0.0421,0.0358,0,42,42,42,0
ALIAS-USD,Alias USD,0.122582,0.003788,0.0319,0,"1,493","1,493","1,493",0
NLC2-USD,NoLimitCoin USD,0.003219,-0.000026,-0.80%,0,"4,337","4,337","4,337",0
SPHR-USD,Sphere USD,0.142346,0.027668,0.2413,0,"1,012","1,012","1,012",0
RBY-USD,Rubycoin USD,0.360301,0.012081,0.0347,0,12,12,12,0
MINT-USD,MintCoin USD,0.000102,0.000003,0.0354,0,0,0,0,0
XUC-USD,ExchangeUnion USD,0.108023,0.002614,0.0248,0,"35,177","35,177","35,177",0
DUN-USD,DuneNetwork USD,0.01122,0.000383,0.0354,0,163,163,163,0
DACC-USD,DACC USD,0.00003,0.000001,0.045,0,"52,629","52,629","52,629",0
HNC-USD,Helleniccoin USD,0.319982,-0.038303,-10.69%,0,"242,151","242,151","242,151",0
AIB-USD,AdvancedInternetBlocks USD,0.008161,0.000287,0.0365,0,"6,107","6,107","6,107",0
DCY-USD,Dinastycoin USD,0.002218,-0.000002,-0.09%,0,"25,603","25,603","25,603",0
CCA-USD,CounosCoin USD,2.5757,1.0487,0.6868,0,"1,994","1,994","1,994",0
MIDAS-USD,Midas USD,2.5616,0.29,0.1277,0,"8,441","8,441","8,441",0
MTC2-USD,Metacoin USD,0.108945,0.036898,0.5121,0,"14,134","14,134","14,134",0
JDC-USD,JDCoin USD,0.135363,-0.000334,-0.25%,0,"17,887","17,887","17,887",0
SLS-USD,SaluS USD,19.03,6.8,0.5566,0,87,87,87,0
LRG-USD,LargoCoin USD,0.340016,-0.010329,-2.95%,0,13,13,13,0
BRC-USD,BaerChain USD,0.018076,-0.000447,-2.42%,0,0,0,0,0
GRN-USD,GreenPower USD,0.012171,-0.001566,-11.40%,0,50,50,50,0
KNC-USD,KyberNetwork USD,1.5066,0.152,0.1122,0,"128,861","128,861","128,861",0
BONFIRE-USD,Bonfire USD,0.00000002,0,0.1971,0,"124,365","124,365","124,365",0
BST-USD,BlockStamp USD,0.066326,0.002342,0.0366,0,0,0,0,0
VBK-USD,VeriBlock USD,0.00408,-0.001334,-24.64%,0,"16,154","16,154","16,154",0